reportID,studentID,advisorID,reportDesc,dateCreated,timestamps,filePath,type,description
1,13,4,Mauris lacinia sapien quis libero. Nullam sit amet turpis elementum ligula vehicula consequat.,2025-11-05 02:51:45,2025-11-06 02:51:45,/reports/r23.pdf,meeting_note,"Sed sagittis. Nam congue, risus semper porta volutpat, quam pede lobortis ligula, sit amet eleifend pede libero quis orci. Nullam molestie nibh in lectus.

Pellentesque at nulla. Suspendisse potenti. Cras in purus eu magna vulputate luctus."
2,29,34,Proin eu mi.,2026-05-26 08:05:52,2026-05-27 08:05:52,,risk,"Proin eu mi. Nulla ac enim. In tempor, turpis nec euismod scelerisque, quam turpis adipiscing lorem, vitae mattis nibh ligula nec sem."
3,18,28,Duis aliquam convallis nunc.,2025-11-09 22:44:04,2025-11-10 22:44:04,/reports/r28.pdf,meeting_note,"Cras non velit nec nisi vulputate nonummy. Maecenas tincidunt lacus at velit. Vivamus vel nulla eget eros elementum pellentesque.

Quisque porta volutpat erat. Quisque erat eros, viverra eget, congue eget, semper rutrum, nulla. Nunc purus."
4,7,24,Nunc purus.,2027-07-28 02:58:49,2027-07-30 02:58:49,/reports/r33.pdf,meeting_note,Suspendisse potenti. In eleifend quam a odio. In hac habitasse platea dictumst.
5,28,32,Fusce consequat.,2026-08-03 09:06:17,2026-08-04 09:06:17,/reports/r17.pdf,wellness,Integer tincidunt ante vel ipsum. Praesent blandit lacinia erat. Vestibulum sed magna at nunc commodo placerat.
6,20,19,Morbi porttitor lorem id ligula.,2025-09-03 09:38:37,2025-09-05 09:38:37,,,Phasellus sit amet erat. Nulla tempus. Vivamus in felis eu sapien cursus vestibulum.
7,33,22,In congue.,2026-02-23 20:09:31,2026-02-24 20:09:31,,risk,"Curabitur gravida nisi at nibh. In hac habitasse platea dictumst. Aliquam augue quam, sollicitudin vitae, consectetuer eget, rutrum at, lorem."
8,20,20,In congue. Etiam justo.,2027-04-09 07:52:10,2027-04-11 07:52:10,/reports/r9.pdf,meeting_note,"Mauris enim leo, rhoncus sed, vestibulum sit amet, cursus id, turpis. Integer aliquet, massa id lobortis convallis, tortor risus dapibus augue, vel accumsan tellus nisi eu orci. Mauris lacinia sapien quis libero."
9,3,21,Cras non velit nec nisi vulputate nonummy.,2027-04-01 15:42:23,2027-04-02 15:42:23,/reports/r32.pdf,academic,Aenean lectus. Pellentesque eget nunc. Donec quis orci eget orci vehicula condimentum.
10,6,6,In eleifend quam a odio.,2026-05-13 22:13:38,2026-05-15 22:13:38,,,Nullam porttitor lacus at turpis. Donec posuere metus vitae ipsum. Aliquam non mauris.
11,33,18,Duis at velit eu est congue elementum.,2027-03-17 05:44:07,2027-03-19 05:44:07,,meeting_note,"Morbi non lectus. Aliquam sit amet diam in magna bibendum imperdiet. Nullam orci pede, venenatis non, sodales sed, tincidunt eu, felis."
12,36,18,Morbi quis tortor id nulla ultrices aliquet.,2024-12-25 11:27:04,2024-12-27 11:27:04,/reports/r28.pdf,risk,"Cras mi pede, malesuada in, imperdiet et, commodo vulputate, justo. In blandit ultrices enim. Lorem ipsum dolor sit amet, consectetuer adipiscing elit."
13,8,11,Aliquam erat volutpat. In congue.,2026-05-20 17:48:52,2026-05-21 17:48:52,,wellness,In congue. Etiam justo. Etiam pretium iaculis justo.
14,21,2,Vestibulum ante ipsum primis in faucibus orci luctus et ultrices posuere cubilia Curae; Duis faucibus accumsan odio.,2026-07-05 14:48:03,2026-07-07 14:48:03,,wellness,"Curabitur in libero ut massa volutpat convallis. Morbi odio odio, elementum eu, interdum eu, tincidunt in, leo. Maecenas pulvinar lobortis est."
15,10,30,Vestibulum rutrum rutrum neque. Aenean auctor gravida sem.,2027-06-08 05:57:54,2027-06-10 05:57:54,,meeting_note,Duis aliquam convallis nunc. Proin at turpis a pede posuere nonummy. Integer non velit.
16,32,7,Integer tincidunt ante vel ipsum. Praesent blandit lacinia erat.,2026-05-24 02:07:28,2026-05-25 02:07:28,/reports/r32.pdf,meeting_note,Duis aliquam convallis nunc. Proin at turpis a pede posuere nonummy. Integer non velit.
17,7,25,Curabitur gravida nisi at nibh. In hac habitasse platea dictumst.,2027-10-03 23:12:27,2027-10-04 23:12:27,/reports/r27.pdf,wellness,"Integer tincidunt ante vel ipsum. Praesent blandit lacinia erat. Vestibulum sed magna at nunc commodo placerat.

Praesent blandit. Nam nulla. Integer pede justo, lacinia eget, tincidunt eget, tempus vel, pede."
18,27,17,In hac habitasse platea dictumst. Maecenas ut massa quis augue luctus tincidunt.,2026-11-13 22:12:44,2026-11-15 22:12:44,/reports/r2.pdf,meeting_note,Aliquam quis turpis eget elit sodales scelerisque. Mauris sit amet eros. Suspendisse accumsan tortor quis turpis.
19,27,16,Integer a nibh.,2026-02-23 21:26:05,2026-02-24 21:26:05,/reports/r16.pdf,academic,"Curabitur in libero ut massa volutpat convallis. Morbi odio odio, elementum eu, interdum eu, tincidunt in, leo. Maecenas pulvinar lobortis est."
20,8,9,Aenean sit amet justo. Morbi ut odio.,2025-12-10 10:26:19,2025-12-12 10:26:19,,risk,"Morbi porttitor lorem id ligula. Suspendisse ornare consequat lectus. In est risus, auctor sed, tristique in, tempus sit amet, sem.

Fusce consequat. Nulla nisl. Nunc nisl."
21,31,1,Donec semper sapien a libero.,2027-01-06 23:47:13,2027-01-07 23:47:13,/reports/r3.pdf,wellness,Phasellus in felis. Donec semper sapien a libero. Nam dui.
22,35,4,Nunc rhoncus dui vel sem.,2026-11-03 08:07:50,2026-11-04 08:07:50,,,"Nullam sit amet turpis elementum ligula vehicula consequat. Morbi a ipsum. Integer a nibh.

In quis justo. Maecenas rhoncus aliquam lacus. Morbi quis tortor id nulla ultrices aliquet."
23,36,31,Suspendisse potenti.,2027-01-01 18:11:38,2027-01-02 18:11:38,,risk,"Morbi non lectus. Aliquam sit amet diam in magna bibendum imperdiet. Nullam orci pede, venenatis non, sodales sed, tincidunt eu, felis."
24,33,5,"In est risus, auctor sed, tristique in, tempus sit amet, sem. Fusce consequat.",2027-11-21 04:33:00,2027-11-23 04:33:00,,wellness,"Duis bibendum, felis sed interdum venenatis, turpis enim blandit mi, in porttitor pede justo eu massa. Donec dapibus. Duis at velit eu est congue elementum.

In hac habitasse platea dictumst. Morbi vestibulum, velit id pretium iaculis, diam erat fermentum justo, nec condimentum neque sapien placerat ante. Nulla justo."
25,4,26,Nulla facilisi. Cras non velit nec nisi vulputate nonummy.,2025-10-07 18:02:48,2025-10-09 18:02:48,/reports/r31.pdf,wellness,"Proin leo odio, porttitor id, consequat in, consequat ut, nulla. Sed accumsan felis. Ut at dolor quis odio consequat varius."
26,33,24,Cras in purus eu magna vulputate luctus.,2026-05-14 16:50:48,2026-05-15 16:50:48,/reports/r25.pdf,academic,Praesent id massa id nisl venenatis lacinia. Aenean sit amet justo. Morbi ut odio.
27,35,25,Donec quis orci eget orci vehicula condimentum.,2027-02-28 05:32:09,2027-03-01 05:32:09,,academic,"Nullam porttitor lacus at turpis. Donec posuere metus vitae ipsum. Aliquam non mauris.

Morbi non lectus. Aliquam sit amet diam in magna bibendum imperdiet. Nullam orci pede, venenatis non, sodales sed, tincidunt eu, felis."
28,26,5,Nulla tempus. Vivamus in felis eu sapien cursus vestibulum.,2025-06-05 00:16:17,2025-06-07 00:16:17,/reports/r12.pdf,academic,"Sed ante. Vivamus tortor. Duis mattis egestas metus.

Aenean fermentum. Donec ut mauris eget massa tempor convallis. Nulla neque libero, convallis eget, eleifend luctus, ultricies eu, nibh."
29,20,9,Aenean fermentum.,2027-06-10 06:29:54,2027-06-11 06:29:54,/reports/r28.pdf,meeting_note,"Duis consequat dui nec nisi volutpat eleifend. Donec ut dolor. Morbi vel lectus in quam fringilla rhoncus.

Mauris enim leo, rhoncus sed, vestibulum sit amet, cursus id, turpis. Integer aliquet, massa id lobortis convallis, tortor risus dapibus augue, vel accumsan tellus nisi eu orci. Mauris lacinia sapien quis libero."
30,24,19,"Nam dui. Proin leo odio, porttitor id, consequat in, consequat ut, nulla.",2025-12-06 05:21:57,2025-12-08 05:21:57,,academic,"Vestibulum quam sapien, varius ut, blandit non, interdum in, ante. Vestibulum ante ipsum primis in faucibus orci luctus et ultrices posuere cubilia Curae; Duis faucibus accumsan odio. Curabitur convallis.

Duis consequat dui nec nisi volutpat eleifend. Donec ut dolor. Morbi vel lectus in quam fringilla rhoncus."
31,27,25,"Integer aliquet, massa id lobortis convallis, tortor risus dapibus augue, vel accumsan tellus nisi eu orci. Mauris lacinia sapien quis libero.",2027-02-07 21:04:58,2027-02-09 21:04:58,/reports/r6.pdf,wellness,"Phasellus in felis. Donec semper sapien a libero. Nam dui.

Proin leo odio, porttitor id, consequat in, consequat ut, nulla. Sed accumsan felis. Ut at dolor quis odio consequat varius."
32,17,13,Quisque id justo sit amet sapien dignissim vestibulum. Vestibulum ante ipsum primis in faucibus orci luctus et ultrices posuere cubilia Curae; Nulla dapibus dolor vel est.,2026-04-07 00:03:56,2026-04-08 00:03:56,/reports/r36.pdf,,"Quisque id justo sit amet sapien dignissim vestibulum. Vestibulum ante ipsum primis in faucibus orci luctus et ultrices posuere cubilia Curae; Nulla dapibus dolor vel est. Donec odio justo, sollicitudin ut, suscipit a, feugiat et, eros."
33,17,28,"Nulla ac enim. In tempor, turpis nec euismod scelerisque, quam turpis adipiscing lorem, vitae mattis nibh ligula nec sem.",2026-07-15 08:52:23,2026-07-16 08:52:23,,academic,Nullam porttitor lacus at turpis. Donec posuere metus vitae ipsum. Aliquam non mauris.
34,6,30,"Duis bibendum, felis sed interdum venenatis, turpis enim blandit mi, in porttitor pede justo eu massa.",2027-03-16 04:40:41,2027-03-17 04:40:41,/reports/r15.pdf,academic,Aenean lectus. Pellentesque eget nunc. Donec quis orci eget orci vehicula condimentum.
35,36,29,Ut at dolor quis odio consequat varius. Integer ac leo.,2025-01-31 08:40:41,2025-02-02 08:40:41,,,"Nullam sit amet turpis elementum ligula vehicula consequat. Morbi a ipsum. Integer a nibh.

In quis justo. Maecenas rhoncus aliquam lacus. Morbi quis tortor id nulla ultrices aliquet."
36,9,32,"Nam congue, risus semper porta volutpat, quam pede lobortis ligula, sit amet eleifend pede libero quis orci.",2026-04-12 10:04:15,2026-04-13 10:04:15,/reports/r16.pdf,academic,"Vestibulum quam sapien, varius ut, blandit non, interdum in, ante. Vestibulum ante ipsum primis in faucibus orci luctus et ultrices posuere cubilia Curae; Duis faucibus accumsan odio. Curabitur convallis.

Duis consequat dui nec nisi volutpat eleifend. Donec ut dolor. Morbi vel lectus in quam fringilla rhoncus."
37,22,24,"Cum sociis natoque penatibus et magnis dis parturient montes, nascetur ridiculus mus.",2026-10-06 00:23:51,2026-10-07 00:23:51,/reports/r22.pdf,,"Curabitur in libero ut massa volutpat convallis. Morbi odio odio, elementum eu, interdum eu, tincidunt in, leo. Maecenas pulvinar lobortis est.

Phasellus sit amet erat. Nulla tempus. Vivamus in felis eu sapien cursus vestibulum."
38,1,14,Donec ut mauris eget massa tempor convallis.,2025-12-08 04:31:05,2025-12-09 04:31:05,/reports/r22.pdf,meeting_note,"Curabitur gravida nisi at nibh. In hac habitasse platea dictumst. Aliquam augue quam, sollicitudin vitae, consectetuer eget, rutrum at, lorem."
39,5,4,Maecenas rhoncus aliquam lacus. Morbi quis tortor id nulla ultrices aliquet.,2027-06-16 06:38:25,2027-06-18 06:38:25,/reports/r33.pdf,wellness,"Mauris enim leo, rhoncus sed, vestibulum sit amet, cursus id, turpis. Integer aliquet, massa id lobortis convallis, tortor risus dapibus augue, vel accumsan tellus nisi eu orci. Mauris lacinia sapien quis libero."
40,12,5,Nullam varius.,2027-07-25 20:08:33,2027-07-27 20:08:33,/reports/r30.pdf,,Phasellus in felis. Donec semper sapien a libero. Nam dui.
41,2,20,Nam tristique tortor eu pede.,2025-11-11 22:19:18,2025-11-13 22:19:18,,academic,"Vestibulum ac est lacinia nisi venenatis tristique. Fusce congue, diam id ornare imperdiet, sapien urna pretium nisl, ut volutpat sapien arcu sed augue. Aliquam erat volutpat."
42,18,5,"Lorem ipsum dolor sit amet, consectetuer adipiscing elit. Proin risus.",2025-02-10 18:40:35,2025-02-12 18:40:35,,wellness,"Nullam sit amet turpis elementum ligula vehicula consequat. Morbi a ipsum. Integer a nibh.

In quis justo. Maecenas rhoncus aliquam lacus. Morbi quis tortor id nulla ultrices aliquet."
43,16,25,Praesent id massa id nisl venenatis lacinia.,2025-01-27 03:25:38,2025-01-29 03:25:38,/reports/r33.pdf,risk,"Maecenas leo odio, condimentum id, luctus nec, molestie sed, justo. Pellentesque viverra pede ac diam. Cras pellentesque volutpat dui."
44,33,8,Praesent lectus.,2025-11-07 02:59:23,2025-11-08 02:59:23,/reports/r21.pdf,risk,Etiam vel augue. Vestibulum rutrum rutrum neque. Aenean auctor gravida sem.
45,15,32,Donec semper sapien a libero.,2027-05-23 14:42:00,2027-05-24 14:42:00,/reports/r7.pdf,,"Phasellus in felis. Donec semper sapien a libero. Nam dui.

Proin leo odio, porttitor id, consequat in, consequat ut, nulla. Sed accumsan felis. Ut at dolor quis odio consequat varius."
46,12,20,Proin at turpis a pede posuere nonummy.,2025-09-10 16:55:38,2025-09-11 16:55:38,/reports/r26.pdf,,Cras non velit nec nisi vulputate nonummy. Maecenas tincidunt lacus at velit. Vivamus vel nulla eget eros elementum pellentesque.
47,26,12,"Morbi ut odio. Cras mi pede, malesuada in, imperdiet et, commodo vulputate, justo.",2025-07-01 21:30:21,2025-07-03 21:30:21,,,Suspendisse potenti. In eleifend quam a odio. In hac habitasse platea dictumst.
48,30,7,Suspendisse potenti.,2027-01-21 01:38:13,2027-01-23 01:38:13,/reports/r23.pdf,academic,"Lorem ipsum dolor sit amet, consectetuer adipiscing elit. Proin risus. Praesent lectus.

Vestibulum quam sapien, varius ut, blandit non, interdum in, ante. Vestibulum ante ipsum primis in faucibus orci luctus et ultrices posuere cubilia Curae; Duis faucibus accumsan odio. Curabitur convallis."
49,2,9,Nulla facilisi.,2025-07-29 02:47:38,2025-07-30 02:47:38,/reports/r23.pdf,,Maecenas ut massa quis augue luctus tincidunt. Nulla mollis molestie lorem. Quisque ut erat.
50,27,16,In hac habitasse platea dictumst.,2026-10-07 14:50:59,2026-10-09 14:50:59,,meeting_note,"Proin interdum mauris non ligula pellentesque ultrices. Phasellus id sapien in sapien iaculis congue. Vivamus metus arcu, adipiscing molestie, hendrerit at, vulputate vitae, nisl."
51,9,10,"Nullam orci pede, venenatis non, sodales sed, tincidunt eu, felis.",2027-07-08 13:56:11,2027-07-10 13:56:11,,academic,Aenean lectus. Pellentesque eget nunc. Donec quis orci eget orci vehicula condimentum.
52,15,25,Nunc rhoncus dui vel sem. Sed sagittis.,2026-01-08 10:24:22,2026-01-09 10:24:22,,academic,"Nullam porttitor lacus at turpis. Donec posuere metus vitae ipsum. Aliquam non mauris.

Morbi non lectus. Aliquam sit amet diam in magna bibendum imperdiet. Nullam orci pede, venenatis non, sodales sed, tincidunt eu, felis."
53,7,21,Nullam varius.,2026-04-08 11:43:20,2026-04-10 11:43:20,,meeting_note,"Duis bibendum. Morbi non quam nec dui luctus rutrum. Nulla tellus.

In sagittis dui vel nisl. Duis ac nibh. Fusce lacus purus, aliquet at, feugiat non, pretium quis, lectus."
54,28,36,Nullam molestie nibh in lectus. Pellentesque at nulla.,2025-10-16 07:39:46,2025-10-18 07:39:46,/reports/r2.pdf,risk,"Praesent blandit. Nam nulla. Integer pede justo, lacinia eget, tincidunt eget, tempus vel, pede."
55,23,2,Sed sagittis.,2027-02-17 12:45:07,2027-02-19 12:45:07,/reports/r33.pdf,risk,"Vestibulum quam sapien, varius ut, blandit non, interdum in, ante. Vestibulum ante ipsum primis in faucibus orci luctus et ultrices posuere cubilia Curae; Duis faucibus accumsan odio. Curabitur convallis.

Duis consequat dui nec nisi volutpat eleifend. Donec ut dolor. Morbi vel lectus in quam fringilla rhoncus."
56,16,32,Duis consequat dui nec nisi volutpat eleifend.,2026-12-19 15:36:48,2026-12-21 15:36:48,/reports/r34.pdf,,"Proin leo odio, porttitor id, consequat in, consequat ut, nulla. Sed accumsan felis. Ut at dolor quis odio consequat varius."
57,24,31,Nam tristique tortor eu pede.,2026-09-17 20:19:23,2026-09-18 20:19:23,/reports/r16.pdf,,"Mauris enim leo, rhoncus sed, vestibulum sit amet, cursus id, turpis. Integer aliquet, massa id lobortis convallis, tortor risus dapibus augue, vel accumsan tellus nisi eu orci. Mauris lacinia sapien quis libero."
58,7,22,"Aliquam sit amet diam in magna bibendum imperdiet. Nullam orci pede, venenatis non, sodales sed, tincidunt eu, felis.",2026-01-25 12:01:48,2026-01-27 12:01:48,/reports/r16.pdf,,"In sagittis dui vel nisl. Duis ac nibh. Fusce lacus purus, aliquet at, feugiat non, pretium quis, lectus."
59,30,17,Nulla mollis molestie lorem. Quisque ut erat.,2026-05-18 17:44:06,2026-05-20 17:44:06,/reports/r12.pdf,meeting_note,"Proin interdum mauris non ligula pellentesque ultrices. Phasellus id sapien in sapien iaculis congue. Vivamus metus arcu, adipiscing molestie, hendrerit at, vulputate vitae, nisl.

Aenean lectus. Pellentesque eget nunc. Donec quis orci eget orci vehicula condimentum."
60,4,16,Duis consequat dui nec nisi volutpat eleifend.,2027-04-04 02:43:07,2027-04-05 02:43:07,/reports/r12.pdf,,Cras non velit nec nisi vulputate nonummy. Maecenas tincidunt lacus at velit. Vivamus vel nulla eget eros elementum pellentesque.
61,12,30,Donec vitae nisi.,2025-12-10 16:49:49,2025-12-11 16:49:49,/reports/r30.pdf,,Integer tincidunt ante vel ipsum. Praesent blandit lacinia erat. Vestibulum sed magna at nunc commodo placerat.
62,11,6,Nam nulla.,2025-04-29 07:26:19,2025-05-01 07:26:19,/reports/r29.pdf,,"Praesent id massa id nisl venenatis lacinia. Aenean sit amet justo. Morbi ut odio.

Cras mi pede, malesuada in, imperdiet et, commodo vulputate, justo. In blandit ultrices enim. Lorem ipsum dolor sit amet, consectetuer adipiscing elit."
63,15,31,"Maecenas tristique, est et tempus semper, est quam pharetra magna, ac consequat metus sapien ut nunc. Vestibulum ante ipsum primis in faucibus orci luctus et ultrices posuere cubilia Curae; Mauris viverra diam vitae quam.",2026-05-07 08:36:56,2026-05-08 08:36:56,/reports/r12.pdf,risk,"Phasellus sit amet erat. Nulla tempus. Vivamus in felis eu sapien cursus vestibulum.

Proin eu mi. Nulla ac enim. In tempor, turpis nec euismod scelerisque, quam turpis adipiscing lorem, vitae mattis nibh ligula nec sem."
64,35,6,Nunc purus. Phasellus in felis.,2027-11-27 11:23:18,2027-11-29 11:23:18,/reports/r26.pdf,meeting_note,"Fusce posuere felis sed lacus. Morbi sem mauris, laoreet ut, rhoncus aliquet, pulvinar sed, nisl. Nunc rhoncus dui vel sem.

Sed sagittis. Nam congue, risus semper porta volutpat, quam pede lobortis ligula, sit amet eleifend pede libero quis orci. Nullam molestie nibh in lectus."
65,36,17,Etiam faucibus cursus urna. Ut tellus.,2026-07-12 04:32:43,2026-07-14 04:32:43,,,"Proin eu mi. Nulla ac enim. In tempor, turpis nec euismod scelerisque, quam turpis adipiscing lorem, vitae mattis nibh ligula nec sem.

Duis aliquam convallis nunc. Proin at turpis a pede posuere nonummy. Integer non velit."
66,26,21,Phasellus in felis.,2026-01-18 06:58:39,2026-01-19 06:58:39,/reports/r33.pdf,academic,"Proin interdum mauris non ligula pellentesque ultrices. Phasellus id sapien in sapien iaculis congue. Vivamus metus arcu, adipiscing molestie, hendrerit at, vulputate vitae, nisl.

Aenean lectus. Pellentesque eget nunc. Donec quis orci eget orci vehicula condimentum."
67,14,4,Fusce consequat. Nulla nisl.,2024-12-23 19:44:28,2024-12-24 19:44:28,/reports/r32.pdf,wellness,"Curabitur gravida nisi at nibh. In hac habitasse platea dictumst. Aliquam augue quam, sollicitudin vitae, consectetuer eget, rutrum at, lorem."
68,8,2,Duis consequat dui nec nisi volutpat eleifend. Donec ut dolor.,2027-04-12 05:06:39,2027-04-14 05:06:39,/reports/r5.pdf,,Nullam sit amet turpis elementum ligula vehicula consequat. Morbi a ipsum. Integer a nibh.
69,36,1,Nulla nisl.,2026-04-22 02:49:45,2026-04-24 02:49:45,/reports/r25.pdf,wellness,Aenean lectus. Pellentesque eget nunc. Donec quis orci eget orci vehicula condimentum.
70,35,2,"Quisque erat eros, viverra eget, congue eget, semper rutrum, nulla. Nunc purus.",2027-04-01 00:38:31,2027-04-03 00:38:31,/reports/r1.pdf,,"Morbi non lectus. Aliquam sit amet diam in magna bibendum imperdiet. Nullam orci pede, venenatis non, sodales sed, tincidunt eu, felis."
